macaw,4.285714285714286
dopey,4.615384615384615
goofy,3.3846153846153846
sooty,5.111111111111111
lowly,5.107142857142857
abyss,3.8
vying,4.782608695652174
hyper,3.3333333333333335
myrrh,4.444444444444445
agony,5.166666666666667
slain,5.607142857142857
snare,5.533333333333333
cinch,4.366666666666666
lurid,4.642857142857143
spilt,5.230769230769231
blimp,5.04
unlit,5.095238095238095
fudge,5.242424242424242
mummy,4.405405405405405
pushy,3.9565217391304346
hussy,4.909090909090909
haunt,5.035714285714286
unify,4.3478260869565215
queen,5.277777777777778
venue,4.321428571428571
awash,3.5833333333333335
leapt,5.2272727272727275
rabid,5.695652173913044
gonad,4.391304347826087
nomad,4.173913043478261
belle,4.814814814814815
truss,4.869565217391305
guppy,4.291666666666667
pudgy,4.24
blank,4.2631578947368425
nobly,4.648648648648648
sling,4.935483870967742
pitch,5.375
tepid,5.666666666666667
tapir,5.380952380952381
fetid,4.612903225806452
realm,5.297297297297297
peace,5.642857142857143
brass,4.363636363636363
grind,5.3428571428571425
price,5.0
prior,5.076923076923077
privy,3.857142857142857
aroma,4.433333333333334
bowel,5.529411764705882
bison,4.666666666666667
bigot,4.5675675675675675
tempo,3.3
grimy,5.583333333333333
climb,4.68
flirt,4.5
grill,5.195652173913044
krill,5.323529411764706
clasp,5.3
olive,5.0
fleet,5.068965517241379
ascot,4.407407407407407
chide,5.535714285714286
dunce,5.918918918918919
deuce,3.9565217391304346
virus,4.35
totem,4.090909090909091
tally,5.516129032258065
tangy,5.538461538461538
tacky,5.176470588235294
stoic,5.275862068965517
sheer,6.108108108108108
sauna,5.78125
skulk,4.65
skull,4.76
beast,5.645161290322581
laden,4.36
payer,5.961538461538462
paper,5.5
arena,4.4
sound,5.161290322580645
flint,4.277777777777778
glint,4.875
women,5.318181818181818
rumba,4.294117647058823
sumac,4.523809523809524
bravo,4.809523809523809
smell,5.372093023255814
fugue,4.909090909090909
hefty,5.566666666666666
thief,5.578947368421052
video,5.548387096774194
circa,3.1904761904761907
risky,4.481481481481482
right,5.425
mushy,5.783783783783784
shame,5.85
steer,5.2926829268292686
clamp,5.4
llama,3.9166666666666665
haste,5.419354838709677
horny,5.32
small,4.833333333333333
horde,5.481481481481482
deity,4.05
fiend,5.107142857142857
index,4.291666666666667
mania,5.7407407407407405
fatty,4.871794871794871
rally,3.761904761904762
sassy,4.739130434782608
savoy,4.222222222222222
savvy,3.96
icily,5.2727272727272725
churn,5.2727272727272725
farce,5.695652173913044
recap,5.37037037037037
jazzy,3.4516129032258065
shade,5.447368421052632
alone,4.275862068965517
awoke,4.863636363636363
bobby,4.129032258064516
shush,4.761904761904762
surge,4.782608695652174
often,4.5
quick,3.8214285714285716
slick,5.2592592592592595
click,5.117647058823529
cloak,5.185185185185185
ninny,4.176470588235294
dryer,5.233333333333333
buyer,4.6923076923076925
vixen,4.68
parry,5.2407407407407405
clash,4.476190476190476
scuba,4.866666666666666
blind,5.419354838709677
elfin,3.466666666666667
plain,5.594594594594595
plump,4.260869565217392
focal,5.28
labor,5.346153846153846
salvo,5.233333333333333
afoot,4.724137931034483
scale,5.321428571428571
chafe,5.40625
truth,3.72
straw,5.0
store,5.615384615384615
diary,3.8666666666666667
plant,4.714285714285714
chasm,5.130434782608695
trial,5.375
booze,3.6296296296296298
pence,5.735849056603773
drink,5.0
quasi,3.8260869565217392
avail,4.413793103448276
plait,4.928571428571429
claim,4.954545454545454
cycle,4.933333333333334
later,5.214285714285714
bleat,5.689655172413793
delta,5.363636363636363
freak,5.0285714285714285
leery,4.875
overt,3.3333333333333335
stern,4.5
forte,5.333333333333333
dummy,4.230769230769231
basic,5.041666666666667
limit,4.208333333333333
musky,5.428571428571429
amend,4.966666666666667
emcee,4.2592592592592595
ember,4.757575757575758
clove,5.354838709677419
quest,4.76
usher,3.7777777777777777
serum,4.84
rebus,4.476190476190476
rower,5.742857142857143
quake,3.739130434782609
these,4.75
siege,5.411764705882353
scene,4.9393939393939394
lumpy,4.88
stray,3.090909090909091
shady,5.897435897435898
snaky,5.055555555555555
upset,4.769230769230769
whine,4.619047619047619
leafy,5.714285714285714
leggy,3.888888888888889
fruit,3.9
candy,4.966666666666667
among,4.2105263157894735
enema,4.8076923076923075
maize,4.56
denim,5.428571428571429
stool,5.434782608695652
donor,4.769230769230769
hound,5.2
wound,5.642857142857143
icing,4.62962962962963
ester,4.730769230769231
wryly,4.818181818181818
arrow,5.217391304347826
delve,4.521739130434782
burly,5.518518518518518
imply,4.521739130434782
slimy,4.428571428571429
egret,5.594594594594595
woken,4.8
relay,4.473684210526316
staid,4.9411764705882355
scamp,5.041666666666667
smack,5.37037037037037
usage,4.967741935483871
bushy,4.533333333333333
snuck,5.590909090909091
stunk,4.96969696969697
frisk,4.909090909090909
borne,4.230769230769231
gorge,5.290322580645161
harsh,4.517241379310345
oddly,4.636363636363637
weedy,4.64
wrong,5.032258064516129
knife,4.6
undid,5.676470588235294
snail,5.115384615384615
anvil,5.2
forth,5.4
swift,4.176470588235294
unfit,5.6
befit,5.153846153846154
spice,5.1875
clone,5.0
cache,3.8636363636363638
creme,4.909090909090909
thong,5.037037037037037
sandy,5.076923076923077
pansy,5.433333333333334
rover,5.21875
asset,5.5
tweed,4.380952380952381
canny,5.368421052631579
mince,5.0
munch,4.037037037037037
crane,4.911764705882353
evoke,4.5
house,5.217391304347826
posse,5.771428571428571
manic,4.333333333333333
guile,5.714285714285714
issue,4.416666666666667
stole,5.625
share,5.326086956521739
lunch,5.666666666666667
crepe,5.571428571428571
carat,4.916666666666667
cargo,4.9375
relax,5.666666666666667
fluke,3.9130434782608696
loose,5.8125
rider,5.357142857142857
lorry,4.931034482758621
actor,4.72
organ,4.833333333333333
groan,4.913043478260869
folio,4.409090909090909
dried,5.484848484848484
daisy,4.848484848484849
waver,4.9655172413793105
goner,4.78125
piper,5.608695652173913
filer,4.866666666666666
fixer,4.695652173913044
fiber,5.888888888888889
merge,4.769230769230769
under,5.829268292682927
riser,6.105263157894737
wiser,5.666666666666667
inter,5.291666666666667
latch,5.3076923076923075
hutch,5.048780487804878
vague,4.708333333333333
livid,4.757575757575758
ivory,4.964285714285714
ranch,5.2105263157894735
natal,4.0
paint,5.153846153846154
white,4.866666666666666
tripe,4.925925925925926
trice,5.344827586206897
dimly,4.137931034482759
weird,5.75
slide,5.6
plier,4.735294117647059
flier,4.666666666666667
mucky,4.6923076923076925
watch,4.8076923076923075
cling,4.0
cello,4.386363636363637
color,5.305555555555555
taper,5.612903225806452
golly,4.764705882352941
hilly,4.827586206896552
joker,4.5
doubt,4.1875
tough,4.724137931034483
mouth,5.892857142857143
crook,5.111111111111111
stout,4.44
quote,5.696969696969697
quoth,5.472222222222222
quota,5.185185185185185
shown,4.814814814814815
trunk,3.9655172413793105
fling,4.973684210526316
penne,4.333333333333333
edify,5.0
tawny,4.466666666666667
tilde,5.571428571428571
apple,4.071428571428571
angle,5.916666666666667
ankle,4.3478260869565215
spout,4.794117647058823
lover,5.0
ombre,5.5625
fritz,3.8095238095238093
remit,5.916666666666667
tiara,4.828571428571428
udder,4.964285714285714
boozy,4.6875
knoll,4.472222222222222
gloom,4.235294117647059
sloop,5.8
aloof,4.304347826086956
lunge,4.294117647058823
macho,4.7
swoop,5.59375
sorry,5.513513513513513
salon,4.777777777777778
quilt,4.972972972972973
lucid,4.575757575757576
phony,4.333333333333333
biome,4.576923076923077
flout,5.074074074074074
dross,4.6
sword,5.375
stand,2.65
sonde,3.0
snide,4.958333333333333
ingot,4.125
gummy,4.615384615384615
budge,5.485714285714286
bulge,5.5
paddy,4.15625
began,5.32
viral,6.0625
adage,4.0
curvy,4.821428571428571
minus,5.0
skunk,5.529411764705882
shunt,5.3
aside,5.230769230769231
borax,5.56
canon,4.565217391304348
craze,5.972222222222222
begat,4.310344827586207
delay,5.75
furry,5.102564102564102
dusty,5.878048780487805
buddy,5.038461538461538
muddy,4.5625
curly,4.476190476190476
thump,5.357142857142857
daunt,4.653846153846154
suave,5.774193548387097
heave,4.7727272727272725
weave,5.461538461538462
enjoy,4.5675675675675675
epoch,4.578947368421052
scour,5.838709677419355
lithe,5.344827586206897
vigil,4.392857142857143
final,5.090909090909091
scrap,5.944444444444445
demur,3.8
gruff,4.708333333333333
quart,5.5
prawn,5.45
drake,5.24
grave,5.907407407407407
guise,5.5
grief,4.037037037037037
shalt,5.48
dodge,4.636363636363637
cried,5.743589743589744
fried,5.484848484848484
pried,5.129032258064516
igloo,3.8125
pound,6.133333333333334
ovary,5.129032258064516
cameo,5.0
dowry,5.25
youth,5.5
loyal,4.8
polyp,4.285714285714286
stick,4.678571428571429
briny,4.791666666666667
being,4.961538461538462
golem,5.37037037037037
trick,4.424242424242424
print,5.260869565217392
dream,5.5
raven,5.433333333333334
aware,5.428571428571429
glare,5.4375
flare,5.193548387096774
blare,5.4375
stilt,5.8108108108108105
shone,5.130434782608695
spare,5.757575757575758
scare,4.78125
third,5.379310344827586
sharp,5.566666666666666
clear,4.791666666666667
grown,4.620689655172414
groin,4.7727272727272725
breed,5.133333333333334
flask,5.15
topaz,4.9
ninja,4.84
creek,5.833333333333333
elide,5.36
three,4.791666666666667
baste,5.32
stove,4.444444444444445
stone,6.1875
stoke,5.368421052631579
grant,5.951219512195122
brace,5.0
brawl,5.315789473684211
fleck,4.2105263157894735
foggy,4.285714285714286
first,4.636363636363637
faint,6.032258064516129
rogue,4.0588235294117645
sinew,5.16
adept,4.806451612903226
elect,5.769230769230769
eject,3.740740740740741
booby,4.0625
pouch,3.7142857142857144
toast,4.090909090909091
koala,4.809523809523809
bicep,4.809523809523809
glory,4.85
guava,4.314285714285714
molar,4.7
steal,4.769230769230769
banal,5.382352941176471
naval,5.222222222222222
crony,5.166666666666667
conic,5.833333333333333
handy,5.052631578947368
manly,5.076923076923077
fanny,5.03125
datum,4.380952380952381
hoist,4.583333333333333
threw,5.708333333333333
berth,4.958333333333333
jumpy,4.0
newer,4.818181818181818
dingo,4.285714285714286
shank,5.303030303030303
thank,4.666666666666667
leach,5.2727272727272725
scaly,5.0476190476190474
clang,4.615384615384615
crawl,5.615384615384615
limbo,4.28
harry,5.066666666666666
carry,5.333333333333333
tardy,5.3
warty,4.655172413793103
depot,4.785714285714286
cough,5.461538461538462
comfy,5.866666666666666
comic,3.696969696969697
comma,4.769230769230769
bluer,5.5
cream,4.611111111111111
onion,3.761904761904762
billy,5.7105263157894735
sixty,5.379310344827586
dizzy,4.517241379310345
giddy,4.2368421052631575
write,3.8823529411764706
where,4.88
lyric,5.413793103448276
hurry,4.631578947368421
whirl,5.366666666666666
wordy,5.564102564102564
apply,4.045454545454546
adore,5.28
avert,4.884615384615385
legal,5.125
frail,5.973684210526316
basil,4.6
touch,5.3
grape,6.0
graze,5.88
rinse,5.766666666666667
welch,4.8
beady,5.2
beefy,3.702127659574468
lanky,5.704545454545454
spelt,5.285714285714286
rebel,5.3478260869565215
unite,5.384615384615385
pique,3.2857142857142856
imbue,3.8333333333333335
nasal,5.08
quill,4.407407407407407
chill,5.857142857142857
drill,5.6923076923076925
roast,5.0625
spade,5.586206896551724
shack,4.758620689655173
snack,6.090909090909091
slack,4.666666666666667
debut,5.3
proud,5.666666666666667
enter,5.111111111111111
tarot,3.95
humid,5.076923076923077
spiny,5.95
linen,5.0
shook,5.909090909090909
broad,5.2631578947368425
abbey,4.666666666666667
erase,5.404255319148936
drape,4.935483870967742
trade,5.5777777777777775
storm,5.964285714285714
flame,3.357142857142857
mulch,5.038461538461538
milky,4.235294117647059
woody,4.166666666666667
dandy,4.871794871794871
camel,5.333333333333333
shine,5.4411764705882355
wrote,4.90625
grope,5.645161290322581
grove,5.945945945945946
drive,4.869565217391305
fibre,4.913043478260869
theta,4.0588235294117645
equal,4.930232558139535
leaky,5.8125
mealy,5.484848484848484
gayer,5.28
shear,5.052631578947368
duvet,4.764705882352941
dumpy,5.735294117647059
dully,4.954545454545454
angry,4.1923076923076925
ferry,4.25
forty,4.68
cause,5.651162790697675
setup,3.6363636363636362
check,4.4
glide,5.611111111111111
chaff,3.4166666666666665
hardy,5.5476190476190474
goose,5.257142857142857
await,5.222222222222222
khaki,4.444444444444445
shrug,5.4375
maker,6.023809523809524
brake,4.428571428571429
break,5.111111111111111
spiel,5.529411764705882
turbo,4.75
rocky,4.25
rayon,5.310344827586207
hairy,5.551724137931035
spoke,6.090909090909091
obese,4.0
filet,5.366666666666666
wield,5.457142857142857
aisle,4.933333333333334
bible,3.227272727272727
sugar,5.88
spray,6.0
bitty,5.107142857142857
rerun,4.2
revue,5.392857142857143
recur,4.944444444444445
flour,5.588235294117647
flora,4.45
would,3.8974358974358974
froze,4.521739130434782
caste,5.818181818181818
tulle,5.588235294117647
theme,4.684210526315789
habit,4.230769230769231
spine,5.535714285714286
river,4.530612244897959
giver,4.966666666666667
stony,4.954545454545454
money,5.2
graft,5.055555555555555
chalk,4.517241379310345
itchy,3.9
hitch,5.083333333333333
witch,5.709677419354839
ditch,5.3076923076923075
wheel,4.551724137931035
grand,4.631578947368421
macro,3.5
atoll,4.37037037037037
cheap,4.5
cairn,5.128205128205129
fifth,5.551724137931035
guilt,5.555555555555555
satin,6.09375
stein,4.88
rivet,4.6
again,4.178571428571429
plaid,5.0
blown,5.357142857142857
aptly,5.391304347826087
lusty,5.642857142857143
untie,5.782608695652174
prune,5.375
fence,4.882352941176471
joint,5.166666666666667
usual,4.15
speed,4.8125
geese,3.925925925925926
shark,5.7894736842105265
spark,5.08
stark,5.294117647058823
parer,5.241379310344827
wafer,5.605263157894737
layer,4.766666666666667
taker,5.628571428571429
glade,5.0
blast,5.571428571428571
deign,4.8125
amber,5.571428571428571
pygmy,4.2105263157894735
chord,4.7894736842105265
razor,5.12
favor,5.225806451612903
aloud,4.961538461538462
could,5.615384615384615
bacon,4.666666666666667
shock,5.0
stack,4.95
basal,5.066666666666666
psalm,4.666666666666667
scald,5.12
aphid,4.3
vapid,4.78125
rapid,5.5
glean,5.354838709677419
punch,5.444444444444445
north,5.673469387755102
salty,4.913043478260869
decoy,4.521739130434782
worry,4.21875
image,4.928571428571429
elite,4.75
quite,5.107142857142857
decor,5.095238095238095
below,4.318181818181818
melon,5.925925925925926
minor,5.0
widen,5.0
niece,5.666666666666667
niche,4.576923076923077
idler,5.407407407407407
rigor,4.851851851851852
visor,4.5
waste,0.05
chump,4.703703703703703
blink,4.588235294117647
girly,4.361111111111111
idyll,4.3478260869565215
steam,5.055555555555555
frond,5.029411764705882
kinky,4.896551724137931
hunch,5.5
triad,5.2
flail,4.416666666666667
fluff,4.40625
crude,5.82051282051282
young,5.0
bough,4.791666666666667
semen,5.162162162162162
nicer,5.225
stuff,4.703703703703703
stuck,4.875
blush,4.730769230769231
louse,5.926829268292683
swath,5.55
drone,5.833333333333333
filmy,4.96
hazel,5.428571428571429
tweak,5.55
tumor,4.826086956521739
topic,5.0
disco,3.896551724137931
panic,5.615384615384615
civic,5.269230769230769
throb,4.576923076923077
thrum,5.16
slung,5.194444444444445
abase,3.6666666666666665
verso,4.521739130434782
poesy,5.379310344827586
harpy,5.515151515151516
scarf,4.7272727272727275
rebar,5.105263157894737
prose,4.55
trope,5.578947368421052
curry,5.611111111111111
cross,4.583333333333333
early,5.708333333333333
miner,5.076923076923077
femur,5.702702702702703
gross,5.121212121212121
flick,4.882352941176471
mecca,4.821428571428571
beech,5.433333333333334
bench,5.46875
nerve,4.935483870967742
sunny,5.333333333333333
spunk,5.0588235294117645
music,5.518518518518518
bossy,5.333333333333333
helix,5.411764705882353
hippy,5.0
hippo,4.142857142857143
woozy,3.5
cigar,5.0
abuse,4.545454545454546
annul,3.923076923076923
short,5.090909090909091
bunch,5.25
belch,5.392857142857143
lipid,5.416666666666667
cloth,5.045454545454546
agape,4.8
debar,4.24
brash,5.514285714285714
tramp,5.15
irony,4.473684210526316
allay,4.0476190476190474
navel,5.233333333333333
eagle,4.633333333333334
poser,5.0
shore,5.911764705882353
swore,5.864864864864865
score,5.681818181818182
snore,5.857142857142857
wooly,3.5454545454545454
rifle,4.619047619047619
field,5.484848484848484
rural,4.809523809523809
excel,4.285714285714286
spool,5.466666666666667
known,4.28
liner,5.416666666666667
bland,4.9523809523809526
armor,4.428571428571429
cyber,4.407407407407407
sworn,4.7407407407407405
valid,3.9545454545454546
kebab,3.588235294117647
abort,5.214285714285714
shift,5.777777777777778
input,4.5
caddy,5.380952380952381
flunk,5.0
morph,4.9
arbor,5.48
union,4.714285714285714
shaky,5.375
pivot,3.8947368421052633
venom,5.9
juicy,5.04
rouse,4.809523809523809
snout,5.565217391304348
shout,5.694444444444445
clock,5.607142857142857
octet,4.055555555555555
retch,5.115384615384615
fetch,5.516129032258065
diver,5.27027027027027
whiff,3.888888888888889
swill,5.764705882352941
basin,4.913043478260869
antic,5.0344827586206895
satyr,4.391304347826087
pasta,4.913043478260869
rhino,4.0
serve,4.107142857142857
baler,5.038461538461538
lease,4.935483870967742
scram,5.0
acrid,3.6470588235294117
evade,4.791666666666667
sappy,3.9615384615384617
taffy,4.454545454545454
gawky,3.84
moose,4.953488372093023
flash,5.291666666666667
gnash,4.647058823529412
swash,4.791666666666667
skiff,4.942857142857143
gland,4.238095238095238
plaza,4.0
pause,4.52
birth,5.942857142857143
drama,4.964285714285714
towel,4.214285714285714
penny,5.37037037037037
peach,5.0
perch,4.416666666666667
smoky,4.2592592592592595
aback,1.261744966442953
quirk,5.038461538461538
roost,5.12
stomp,5.5
sooth,5.0
sloth,5.935483870967742
hater,5.809523809523809
sober,5.59375
lapse,4.25
piggy,4.633333333333334
chick,5.606060606060606
tacit,5.388888888888889
zonal,4.166666666666667
lilac,4.5
splat,4.052631578947368
salad,4.421052631578948
rarer,4.846153846153846
stake,5.942857142857143
algae,4.65
alive,5.2727272727272725
spill,5.2926829268292686
twang,4.846153846153846
renew,5.3
filth,5.714285714285714
guild,5.674418604651163
dicey,5.68
lathe,5.035714285714286
fecal,5.2
might,5.689655172413793
talon,5.032258064516129
taboo,3.75
ahead,4.928571428571429
fetus,4.666666666666667
toxic,4.461538461538462
preen,4.68
fussy,4.466666666666667
madly,5.275862068965517
islet,4.15
swirl,5.592592592592593
mount,5.576923076923077
batch,5.78125
teeth,4.12
depth,3.95
crust,4.916666666666667
ozone,4.043478260869565
knave,4.0
roger,5.675675675675675
adapt,5.142857142857143
spawn,5.157894736842105
raspy,4.842105263157895
pixel,4.777777777777778
clung,5.290322580645161
colon,5.172413793103448
moult,4.653846153846154
rajah,4.774193548387097
biddy,4.0
seven,4.851851851851852
friar,4.8076923076923075
flush,6.043478260869565
flute,5.714285714285714
flung,5.0588235294117645
omega,4.75
quail,4.705882352941177
crash,5.466666666666667
choir,5.3125
utter,4.896551724137931
refer,4.787878787878788
heron,4.944444444444445
swept,5.111111111111111
badge,4.903225806451613
spied,3.9
light,5.65
giant,5.375
mourn,4.805555555555555
butte,4.44
pedal,5.105263157894737
winch,4.391304347826087
finch,5.535714285714286
worse,5.275862068965517
shrew,5.787878787878788
screw,5.6
raise,5.15625
throw,5.764705882352941
thorn,5.708333333333333
barge,4.925925925925926
soapy,4.7
vital,5.103448275862069
axial,4.458333333333333
alien,5.870967741935484
mossy,5.71875
kitty,5.529411764705882
fizzy,4.04
dilly,4.777777777777778
willy,5.102564102564102
axiom,3.875
crick,5.666666666666667
agree,5.0
paste,5.555555555555555
heady,5.086956521739131
beach,5.1891891891891895
wrack,5.333333333333333
arose,5.757575757575758
wreak,4.967741935483871
brute,4.913043478260869
march,5.208333333333333
block,4.375
umbra,4.260869565217392
slice,4.958333333333333
sigma,5.375
edict,5.9714285714285715
built,5.233333333333333
neigh,4.875
endow,4.655172413793103
scrub,4.214285714285714
smelt,5.0
steed,5.821428571428571
marry,5.5
solar,5.204545454545454
craft,5.897435897435898
irate,2.9747899159663866
train,5.545454545454546
fifty,4.916666666666667
ditty,5.714285714285714
rowdy,5.088235294117647
tatty,3.6956521739130435
inept,4.730769230769231
unmet,4.655172413793103
unset,4.703703703703703
jerky,4.458333333333333
geeky,4.769230769230769
saucy,5.266666666666667
funny,4.277777777777778
bulky,4.571428571428571
rugby,4.6
draft,5.647058823529412
smash,4.64
girth,5.964285714285714
admit,4.363636363636363
lemon,3.4
rumor,4.657894736842105
humor,5.44
skimp,4.68
smile,5.413793103448276
smite,5.666666666666667
spook,5.382352941176471
urban,3.5
scone,4.818181818181818
posit,4.888888888888889
bosom,4.0
sweet,5.466666666666667
offer,5.8125
corer,5.35
tonic,5.435897435897436
knack,4.48
older,5.9655172413793105
shuck,4.96875
chuck,4.709677419354839
mange,6.045454545454546
droop,4.333333333333333
brook,5.642857142857143
vomit,5.04
count,4.434782608695652
butch,5.212121212121212
plank,5.333333333333333
bylaw,5.25
aglow,4.857142857142857
sting,5.185185185185185
truly,4.28
chute,5.085106382978723
haute,4.826086956521739
shyly,4.666666666666667
relic,5.666666666666667
lumen,5.052631578947368
plane,5.647058823529412
moldy,4.590909090909091
mango,5.371428571428571
mover,5.3125
grime,4.5
leash,5.409090909090909
lying,5.541666666666667
tunic,5.0
mouse,4.176470588235294
study,4.714285714285714
slunk,6.0
syrup,4.95
strut,4.96969696969697
easel,5.04
pupil,5.066666666666666
mammy,4.125
strip,5.766666666666667
super,5.580645161290323
jetty,5.435897435897436
month,3.857142857142857
width,4.5
sixth,5.36
cleat,5.16
dozen,4.428571428571429
pulpy,3.9375
tribe,6.0
dogma,5.68
crave,5.631578947368421
medic,4.0
scope,5.7272727272727275
droll,4.413793103448276
drool,6.04
stork,5.1
aorta,5.36
prime,5.826086956521739
debit,5.258064516129032
exist,5.333333333333333
stint,5.038461538461538
extol,4.681818181818182
pixie,4.3478260869565215
worst,4.25
minty,4.083333333333333
betel,4.6
bleep,4.043478260869565
abled,3.111111111111111
forum,4.52
gumbo,5.545454545454546
jumbo,5.0344827586206895
whose,4.85
whelp,5.153846153846154
freer,4.333333333333333
tiger,4.0
eager,4.142857142857143
anger,4.805555555555555
penal,5.875
spoon,5.875
tabby,4.931034482758621
tasty,4.375
gavel,5.363636363636363
exult,5.15
slope,3.675675675675676
blend,5.84
ready,4.869565217391305
smirk,5.214285714285714
shrub,4.545454545454546
voice,4.866666666666666
waltz,4.0
sadly,4.6875
badly,4.961538461538462
retro,5.612903225806452
broom,5.516129032258065
brown,4.521739130434782
hasty,4.642857142857143
teddy,4.5
toddy,5.76
ulcer,4.7727272727272725
shave,5.958333333333333
shake,6.111111111111111
gully,5.625
fully,5.28
audio,4.685714285714286
bless,5.0
reply,2.9464285714285716
revel,5.111111111111111
anode,4.461538461538462
repay,5.5
crazy,3.5789473684210527
matey,4.636363636363637
valor,5.478260869565218
larva,4.571428571428571
donut,4.684210526315789
sewer,5.258064516129032
shard,5.375
spurn,5.083333333333333
ruddy,4.176470588235294
charm,5.0
creep,4.291666666666667
crier,5.484848484848484
whiny,5.086956521739131
cacao,4.310344827586207
acute,4.625
hover,5.103448275862069
wooer,4.851851851851852
boxer,4.935483870967742
great,4.888888888888889
gulch,5.75
boost,4.555555555555555
stunt,5.264705882352941
sight,4.0344827586206895
shaft,1.6959745762711864
hatch,5.0
booth,5.25
night,5.842105263157895
tight,5.185185185185185
elude,4.2105263157894735
gleam,3.0
bleak,4.428571428571429
clean,4.62962962962963
panel,4.809523809523809
clued,5.527777777777778
chore,4.529411764705882
braid,4.722222222222222
parka,4.555555555555555
lower,5.035714285714286
noble,4.470588235294118
solve,5.647058823529412
rupee,4.5
piano,4.260869565217392
picky,5.478260869565218
stung,5.291666666666667
today,4.095238095238095
aloft,5.2727272727272725
allot,5.88
their,5.518518518518518
child,5.304347826086956
shiny,4.96
whisk,5.571428571428571
dwell,3.730769230769231
bleed,5.285714285714286
wrist,4.379310344827586
joust,5.2
flaky,3.5294117647058822
prove,5.923076923076923
swing,4.813953488372093
croup,5.45
steak,5.4411764705882355
azure,4.470588235294118
naive,5.72
saint,5.724137931034483
dealt,5.285714285714286
exact,5.333333333333333
ethic,4.791666666666667
pubic,5.076923076923077
rival,5.083333333333333
skier,4.896551724137931
eking,4.3
plush,4.4
chunk,3.909090909090909
brave,4.785714285714286
pearl,5.181818181818182
world,4.285714285714286
scorn,5.884615384615385
vogue,4.9523809523809526
apart,4.52
swamp,5.566666666666666
lemur,4.315789473684211
vouch,5.133333333333334
nudge,5.592592592592593
scowl,4.5625
alarm,4.6
amply,3.6923076923076925
vapor,5.222222222222222
fraud,4.230769230769231
champ,4.529411764705882
flesh,4.538461538461538
fishy,4.75
wispy,5.275
odder,4.709677419354839
vowel,4.852941176470588
mirth,5.178571428571429
float,5.545454545454546
valet,5.166666666666667
stain,5.742857142857143
snuff,3.7058823529411766
eater,5.405405405405405
chard,4.166666666666667
array,4.481481481481482
moral,4.818181818181818
slave,5.121212121212121
valve,4.5
ebony,5.076923076923077
yeast,5.24
fetal,5.880952380952381
petal,5.541666666666667
welsh,5.466666666666667
moron,4.285714285714286
prude,5.678571428571429
voter,4.88
cynic,5.3
wight,5.769230769230769
flair,5.823529411764706
sheep,5.709677419354839
shall,5.055555555555555
wacky,4.107142857142857
safer,5.0
pooch,3.903225806451613
troll,4.935483870967742
birch,4.857142857142857
marsh,4.75
bezel,4.84375
vodka,3.5
idiot,5.15625
idiom,4.233333333333333
theft,3.923076923076923
hedge,5.586206896551724
hello,4.806451612903226
crack,4.764705882352941
gravy,4.515151515151516
wrath,4.055555555555555
slink,5.84375
purse,5.806451612903226
terse,4.478260869565218
verse,5.675675675675675
chart,5.16
beset,5.054054054054054
crumb,3.32
paler,4.782608695652174
saner,5.166666666666667
furor,4.9655172413793105
smote,5.178571428571429
photo,4.0
tooth,4.416666666666667
ennui,3.92
stink,4.52
flown,5.379310344827586
timid,4.095238095238095
cavil,4.9
enact,5.34375
mambo,4.608695652173913
coupe,4.565217391304348
jolly,3.8484848484848486
holly,5.371428571428571
reuse,4.583333333333333
civil,4.730769230769231
gamer,4.791666666666667
steep,5.628571428571429
china,4.0
crank,4.782608695652174
conch,4.892857142857143
coach,4.794871794871795
couch,5.578947368421052
pouty,4.583333333333333
shove,5.05
afire,4.857142857142857
bribe,4.703703703703703
shirk,5.65
sauce,5.384615384615385
squad,4.0
grace,4.958333333333333
credo,5.0
creed,5.5625
basis,3.76
carol,5.363636363636363
pagan,4.595238095238095
manga,4.838709677419355
skill,6.09375
every,4.961538461538462
greet,4.125
water,5.741935483870968
vicar,3.8421052631578947
augur,4.35
abhor,4.136363636363637
coral,4.65
poise,5.827586206896552
agora,4.888888888888889
prong,4.782608695652174
spore,5.032258064516129
batty,4.766666666666667
tryst,4.826086956521739
corny,5.222222222222222
polka,4.3076923076923075
puppy,4.133333333333334
stiff,4.090909090909091
liken,4.791666666666667
reedy,5.28
beard,5.269230769230769
dowdy,5.111111111111111
brunt,4.2
brick,5.525
belie,4.956521739130435
think,4.380952380952381
tread,5.0
empty,5.419354838709677
mower,4.945945945945946
radar,4.045454545454546
stair,3.2222222222222223
sneak,5.392857142857143
choke,5.184210526315789
bloke,4.608695652173913
point,4.32
going,5.260869565217392
sieve,5.230769230769231
sleek,4.95
shelf,3.888888888888889
route,5.0
frame,4.423076923076923
grade,5.975
taste,6.111111111111111
reign,4.291666666666667
fewer,4.513513513513513
fever,5.129032258064516
decry,5.5
apron,4.918918918918919
petty,5.142857142857143
witty,5.205128205128205
micro,4.3
rusty,5.1
brush,4.137931034482759
queue,4.615384615384615
loath,4.4375
ardor,3.7222222222222223
cagey,4.296296296296297
cedar,5.142857142857143
quiet,5.966666666666667
spire,5.206896551724138
begin,5.111111111111111
tract,6.0
smart,5.666666666666667
start,5.290322580645161
expel,4.464285714285714
payee,4.818181818181818
tamer,5.527777777777778
south,5.0
unzip,5.133333333333334
bunny,4.190476190476191
drank,4.972222222222222
gnome,5.190476190476191
lance,4.681818181818182
junta,3.8636363636363638
bonus,4.8
frost,5.153846153846154
smith,5.0
creak,4.7894736842105265
opera,5.481481481481482
debug,5.4375
blaze,4.786885245901639
inert,5.8
stoop,4.903225806451613
nymph,3.0
lymph,5.0
karma,5.809523809523809
exile,4.566666666666666
drawn,5.409090909090909
smock,4.88
buggy,4.933333333333334
fuzzy,4.444444444444445
brood,4.9655172413793105
bused,5.137931034482759
modal,4.857142857142857
nanny,4.371428571428571
fancy,5.2272727272727275
flyer,4.3076923076923075
spicy,4.838709677419355
murky,4.714285714285714
party,5.68
offal,3.3870967741935485
olden,5.185185185185185
inlet,4.742857142857143
diner,5.379310344827586
tonal,4.545454545454546
ovate,5.409090909090909
avian,4.535714285714286
taint,4.78125
nerdy,6.0
newly,5.130434782608695
essay,4.947368421052632
guest,5.151515151515151
staff,4.8
cease,5.413793103448276
femme,3.9642857142857144
oxide,4.962962962962963
surer,4.869565217391305
salve,4.888888888888889
swish,4.185185185185185
sushi,5.323529411764706
gamut,4.538461538461538
funky,5.0
torus,4.473684210526316
pasty,4.5
chock,4.5625
refit,3.875
lefty,5.068965517241379
place,4.217391304347826
lingo,4.238095238095238
scold,3.7666666666666666
havoc,5.666666666666667
impel,4.935483870967742
wrung,5.392857142857143
drunk,4.0
pulse,5.6
cliff,4.823529411764706
plume,4.055555555555555
elder,5.28125
blade,4.862068965517241
purge,5.277777777777778
spike,5.0
drift,5.0625
grasp,5.0
crown,5.787234042553192
trout,5.123287671232877
slash,5.75
chose,5.2727272727272725
mason,4.888888888888889
logic,5.333333333333333
troop,4.35
total,5.28
slime,3.9047619047619047
earth,5.518518518518518
range,4.391304347826087
admin,4.521739130434782
flank,5.733333333333333
guess,4.967741935483871
infer,5.0
inlay,4.551724137931035
hydro,4.857142857142857
uncut,4.777777777777778
spite,5.758620689655173
tepee,4.75
jaunt,5.741935483870968
shorn,5.0
reach,5.833333333333333
beret,5.09375
lodge,4.407407407407407
sally,5.684210526315789
cluck,5.243243243243243
baker,5.410256410256411
qualm,4.423076923076923
level,4.769230769230769
wager,5.416666666666667
slosh,4.578947368421052
catch,5.875
pinch,4.826086956521739
boast,5.541666666666667
ghost,3.2857142857142856
magic,4.708333333333333
racer,4.608695652173913
owner,4.2272727272727275
wider,5.171428571428572
crypt,3.9473684210526314
burst,5.25
thing,5.035714285714286
cheer,5.048780487804878
notch,4.323529411764706
flack,5.846153846153846
black,5.375
clack,5.0227272727272725
spend,5.44
knock,5.181818181818182
axion,4.913043478260869
lupus,4.0
extra,5.379310344827586
rearm,3.65
erupt,4.545454545454546
truce,4.884615384615385
honey,5.090909090909091
leech,4.413793103448276
twirl,4.551724137931035
frock,5.136363636363637
feast,5.733333333333333
least,6.15625
growl,5.730769230769231
flume,5.548387096774194
toxin,4.884615384615385
sweep,4.542857142857143
nadir,5.787878787878788
ought,4.476190476190476
grate,5.888888888888889
agate,5.411764705882353
slush,5.529411764705882
sever,5.290322580645161
swami,5.575757575757576
kayak,3.4347826086956523
smear,5.65
track,5.837837837837838
swine,4.083333333333333
tutor,5.096774193548387
juror,5.6923076923076925
lapel,4.8076923076923075
ramen,4.434782608695652
wimpy,4.32
soggy,4.956521739130435
story,5.321428571428571
frown,4.368421052631579
motto,3.7083333333333335
covet,4.5
other,4.9655172413793105
wedge,5.297297297297297
nasty,5.611111111111111
stage,5.7073170731707314
opine,5.76
movie,4.578947368421052
album,4.9655172413793105
tulip,4.0
spurt,6.137931034482759
trawl,5.241379310344827
crate,5.181818181818182
dress,4.666666666666667
error,5.484848484848484
gusto,4.566666666666666
curse,5.71875
slept,4.666666666666667
quack,5.375
piety,4.90625
abbot,5.033333333333333
entry,4.7727272727272725
knelt,5.625
heart,5.805555555555555
verge,5.055555555555555
robot,5.0
board,4.315789473684211
fluid,4.523809523809524
dally,5.838709677419355
foyer,4.846153846153846
royal,4.8076923076923075
clown,5.117647058823529
swoon,5.478260869565218
crush,5.2592592592592595
evict,5.2631578947368425
scree,4.764705882352941
drain,4.7894736842105265
noose,4.857142857142857
envoy,5.131578947368421
upper,4.25
gipsy,5.525
gassy,5.558139534883721
waist,5.157894736842105
tying,4.6923076923076925
dirge,4.769230769230769
blunt,5.566666666666666
pilot,4.555555555555555
worth,5.357142857142857
orbit,4.035714285714286
sport,5.970588235294118
crisp,5.394736842105263
crept,4.576923076923077
broke,5.0
brief,5.395348837209302
glove,5.71875
elope,5.194444444444445
cower,5.538461538461538
bongo,4.523809523809524
copse,5.3478260869565215
intro,4.466666666666667
cabby,4.7894736842105265
argue,5.318181818181818
dwelt,4.3076923076923075
crass,4.913043478260869
baron,5.576923076923077
dairy,5.083333333333333
fairy,5.111111111111111
villa,4.761904761904762
allow,4.894736842105263
sonar,4.676470588235294
class,4.766666666666667
glass,4.6
deter,5.967741935483871
blond,4.681818181818182
swung,4.678571428571429
scant,4.958333333333333
leant,4.45
heist,5.409090909090909
papal,5.171428571428572
whack,5.482758620689655
shell,5.04
broil,4.565217391304348
vaunt,5.6
fauna,4.033333333333333
fault,4.625
zesty,4.909090909090909
moody,4.666666666666667
rouge,5.942857142857143
genie,5.444444444444445
abate,5.064516129032258
bathe,3.6875
stamp,4.15
inbox,4.1
hotel,4.6923076923076925
ruler,5.125
maybe,4.344827586206897
stead,5.75
table,4.8
abide,4.65
decal,5.076923076923077
silly,5.416666666666667
mercy,4.5
along,5.823529411764706
vault,5.454545454545454
berry,5.575757575757576
bloom,3.96875
belly,5.848484848484849
sheet,5.086956521739131
sleep,5.269230769230769
baton,4.0
swear,5.4411764705882355
adobe,5.578947368421052
freed,5.363636363636363
hinge,5.4
pride,5.2
waive,5.0
chaos,3.75
crowd,6.130434782608695
fresh,5.090909090909091
stall,5.545454545454546
scary,5.5
shape,4.973684210526316
agent,5.045454545454546
enemy,5.482758620689655
meter,5.8
truck,4.904761904761905
trust,5.033333333333333
gloat,4.56
bloat,4.884615384615385
grunt,5.111111111111111
adult,4.344827586206897
drier,4.964285714285714
chest,5.548387096774194
boule,4.931034482758621
pizza,4.0
cloud,5.875
faith,4.954545454545454
affix,2.7666666666666666
ether,3.6818181818181817
queer,4.709677419354839
globe,5.611111111111111
peril,4.689655172413793
curio,3.8636363636363638
chirp,5.291666666666667
truer,5.85
twixt,5.363636363636363
focus,3.9047619047619047
hoard,3.6363636363636362
parse,4.0
greed,5.560975609756097
dowel,5.285714285714286
decay,4.794117647058823
covey,5.458333333333333
rigid,4.461538461538462
audit,4.7
ideal,5.552631578947368
large,5.354838709677419
thumb,4.391304347826087
hyena,4.133333333333334
cater,5.27536231884058
otter,4.703703703703703
spank,5.388888888888889
ralph,4.933333333333334
mayor,5.620689655172414
noisy,6.133333333333334
voila,5.357142857142857
chase,5.846153846153846
poker,5.25
unfed,4.2
unwed,4.55
wrest,4.928571428571429
blurb,3.782608695652174
altar,4.862068965517241
embed,4.0
ounce,6.068965517241379
humph,4.462962962962963
nutty,5.638888888888889
maple,5.421052631578948
anime,5.75
grain,5.448275862068965
close,5.809523809523809
foist,5.0
forge,5.423076923076923
pesky,5.041666666666667
kneel,4.260869565217392
clink,4.411764705882353
burnt,5.24
nurse,5.62962962962963
weigh,4.166666666666667
elbow,5.896551724137931
gloss,4.7368421052631575
fable,5.633333333333334
tower,5.28125
tenet,4.9
blame,4.8
awake,4.357142857142857
stank,4.391304347826087
blurt,5.0
hotly,4.96
ionic,6.115384615384615
magma,3.793103448275862
widow,4.92
model,5.380952380952381
glyph,4.722222222222222
synod,5.0588235294117645
jewel,4.0
surly,5.862068965517241
vigor,5.461538461538462
power,5.555555555555555
regal,4.76
lucky,4.892857142857143
pluck,5.142857142857143
canoe,4.733333333333333
whoop,4.961538461538462
since,5.4
hovel,3.8421052631578947
reset,5.318181818181818
dense,5.275862068965517
phone,5.068965517241379
clout,5.565217391304348
tense,5.25
trite,5.823529411764706
honor,4.185185185185185
proof,3.608695652173913
joist,4.428571428571429
frill,4.434782608695652
bride,2.8461538461538463
urine,6.0
crime,4.076923076923077
gripe,5.419354838709677
bevel,5.806451612903226
guide,5.5
suing,4.75
masse,4.633333333333334
puree,5.24
perky,5.027777777777778
equip,4.3478260869565215
lasso,3.789473684210526
scoop,5.405405405405405
hence,5.76
apnea,4.96875
annex,4.136363636363637
green,5.666666666666667
twist,5.064516129032258
chess,4.647058823529412
snarl,4.95
gaffe,5.55
plate,5.407407407407407
gayly,4.9
slump,5.346153846153846
dough,3.608695652173913
folly,3.4482758620689653
slang,4.6923076923076925
juice,4.76
brawn,5.565217391304348
after,5.454545454545454
match,5.21875
loopy,4.473684210526316
clump,4.518518518518518
eclat,4.45
media,5.2
viola,3.5
utile,4.708333333333333
sneer,5.5
outgo,5.208333333333333
boney,5.8076923076923075
amble,5.461538461538462
build,5.551724137931035
prick,4.857142857142857
plied,3.8181818181818183
probe,5.3
sniff,4.478260869565218
proxy,4.869565217391305
scrum,5.961538461538462
cubic,4.758620689655173
caper,5.485714285714286
human,4.290322580645161
sully,5.863636363636363
saute,5.090909090909091
teary,5.3478260869565215
iliac,5.695652173913044
grass,5.166666666666667
humus,4.5
finer,6.0
tonga,4.3478260869565215
gazer,4.961538461538462
glaze,5.4
novel,4.318181818181818
uncle,4.833333333333333
demon,4.826086956521739
ditto,4.157894736842105
gypsy,3.84
mauve,4.758620689655173
frank,5.34375
learn,5.12
yearn,5.9655172413793105
usurp,5.344827586206897
speck,4.526315789473684
eerie,4.861111111111111
sheen,5.064516129032258
woven,4.375
coven,5.583333333333333
elate,4.096774193548387
alibi,4.214285714285714
whole,4.714285714285714
caput,4.409090909090909
godly,5.555555555555555
miser,5.54054054054054
attic,5.151515151515151
melee,4.84
ghoul,4.76
roach,4.827586206896552
shoot,5.172413793103448
pinky,5.0344827586206895
broth,4.72
cover,5.372093023255814
sower,6.0256410256410255
using,4.85
ensue,5.521739130434782
court,4.76
metro,5.137931034482759
trace,5.846153846153846
state,5.852941176470588
amaze,4.407407407407407
libel,4.55
yield,5.84375
spoof,4.88
nosey,4.615384615384615
dread,5.115384615384615
arise,6.064516129032258
snake,5.619047619047619
roomy,4.6875
croak,5.842105263157895
rhyme,4.833333333333333
condo,5.190476190476191
pithy,4.0
beget,4.793103448275862
tubal,4.857142857142857
vegan,5.461538461538462
shawl,5.384615384615385
quell,3.9473684210526314
dolly,4.821428571428571
torso,5.3478260869565215
sense,4.75
dryly,4.238095238095238
defer,2.2777777777777777
trail,4.666666666666667
trump,5.0
merit,5.645161290322581
sprig,5.782608695652174
stash,5.0
genre,4.380952380952381
never,4.571428571428571
squat,4.357142857142857
spasm,4.607142857142857
snoop,5.032258064516129
mural,5.354838709677419
tease,6.0
opium,5.285714285714286
downy,4.8
ocean,3.823529411764706
split,4.78125
motif,4.2
scout,4.8
ashen,4.25
leave,4.71875
crone,5.857142857142857
erect,4.631578947368421
metal,5.375
order,5.304347826086956
drown,5.621621621621622
align,4.625
briar,5.043478260869565
eight,5.022222222222222
prowl,4.8
stood,3.869565217391304
cacti,3.782608695652174
aging,5.354838709677419
dutch,5.153846153846154
gaily,4.954545454545454
rehab,4.333333333333333
sweat,5.481481481481482
spent,5.090909090909091
windy,5.548387096774194
cleft,5.518518518518518
liege,4.85
happy,4.1875
daddy,3.9411764705882355
suite,5.565217391304348
yacht,4.928571428571429
mimic,3.8333333333333335
steel,5.137931034482759
epoxy,4.681818181818182
group,4.481481481481482
rough,5.125
bring,4.782608695652174
baggy,4.6
lunar,4.5
alpha,3.769230769230769
kneed,4.730769230769231
slurp,5.521739130434782
strap,5.555555555555555
catty,4.931034482758621
hobby,3.9615384615384617
lobby,5.2
carve,4.913043478260869
chief,4.72
visit,4.8076923076923075
homer,4.208333333333333
tweet,3.64
fight,5.2592592592592595
prank,5.038461538461538
thyme,4.380952380952381
ladle,4.214285714285714
stump,4.958333333333333
award,5.689655172413793
wharf,5.909090909090909
poppy,4.230769230769231
pupal,4.821428571428571
plumb,4.08
plunk,5.206896551724138
horse,4.696969696969697
madam,4.711111111111111
slant,5.703703703703703
rotor,4.115384615384615
comet,5.40625
jiffy,4.1923076923076925
foamy,4.523809523809524
adorn,4.473684210526316
mogul,3.9583333333333335
weary,4.75
event,5.1875
adopt,4.961538461538462
viper,5.588235294117647
merry,4.780487804878049
derby,5.48
etude,4.333333333333333
cress,4.758620689655173
moist,5.0
kiosk,4.052631578947368
scion,4.875
prism,4.28
brisk,5.222222222222222
zebra,4.5
death,5.095238095238095
begun,5.2
shied,5.318181818181818
alter,5.032258064516129
inner,4.578947368421052
woman,5.269230769230769
bilge,5.153846153846154
coyly,5.393939393939394
acorn,5.394736842105263
tipsy,5.157894736842105
sulky,6.0
manor,5.90625
ovoid,4.68
nylon,4.470588235294118
felon,4.8
annoy,4.791666666666667
swarm,4.958333333333333
force,4.6521739130434785
flake,5.0
haven,4.5
dying,5.7
heath,4.838709677419355
wench,5.538461538461538
botch,5.476190476190476
oaken,4.636363636363637
howdy,4.92
gaunt,5.148148148148148
taunt,5.161290322580645
riper,5.875
gauge,4.85
flood,5.407407407407407
latte,6.08
gecko,3.7333333333333334
caulk,5.457142857142857
lynch,3.933333333333333
prize,5.814814814814815
smoke,4.777777777777778
ripen,5.846153846153846
locus,4.117647058823529
noise,5.037037037037037
exert,4.115384615384615
cruel,5.52
bayou,3.8823529411764706
shale,5.869565217391305
above,4.387096774193548
solid,4.428571428571429
sissy,3.8333333333333335
clank,5.212121212121212
slate,5.466666666666667
abode,5.8125
prone,5.617647058823529
guard,4.0
wince,6.032258064516129
spoil,5.354838709677419
thigh,4.366666666666666
arson,4.75
tibia,5.0625
ovine,5.382352941176471
diode,4.095238095238095
label,4.054054054054054
octal,4.84
gruel,4.6875
aunty,3.0
swell,5.038461538461538
mound,5.758620689655173
renal,5.5
ample,5.545454545454546
mucus,4.12
loamy,5.206896551724138
ledge,5.870967741935484
tithe,4.291666666666667
scalp,5.5
booty,5.194444444444445
duchy,4.2631578947368425
sonic,4.47457627118644
dance,4.578947368421052
piney,4.571428571428571
bugle,5.285714285714286
eying,4.269230769230769
meant,5.414634146341464
twice,4.304347826086956
patch,5.277777777777778
react,5.7
email,4.869565217391305
whale,4.434782608695652
vinyl,4.166666666666667
cramp,5.3
sleet,5.5
buxom,4.2592592592592595
mocha,5.1
ficus,5.478260869565218
slyly,4.464285714285714
mafia,4.5
junto,5.0
palsy,5.086956521739131
blood,5.64
digit,5.758620689655173
trend,5.0
quark,4.76
ratio,6.0
snipe,5.666666666666667
segue,5.0
porch,4.6
savor,4.916666666666667
pleat,5.675
cheek,5.16
rodeo,3.0833333333333335
spiky,4.857142857142857
showy,4.75
hymen,4.666666666666667
front,4.869565217391305
verve,4.769230769230769
trait,4.913043478260869
tuber,4.708333333333333
polar,5.0
midge,5.421052631578948
sedan,5.3
motel,4.5
phase,4.961538461538462
bound,5.76
sepia,5.68
testy,4.513513513513513
groom,5.2682926829268295
crest,4.809523809523809
gaudy,5.103448275862069
laugh,4.857142857142857
awful,4.368421052631579
salsa,4.88
devil,4.0
brain,5.146341463414634
askew,5.238095238095238
gauze,4.733333333333333
motor,5.24
ninth,4.676470588235294
elegy,5.3076923076923075
quash,4.576923076923077
until,5.0
recut,5.464285714285714
puffy,4.923076923076923
lousy,4.904761904761905
retry,4.96875
alley,5.777777777777778
ruder,5.714285714285714
avoid,5.08
bluff,5.2631578947368425
knead,4.631578947368421
canal,4.615384615384615
purer,3.9444444444444446
scoff,4.857142857142857
bawdy,5.214285714285714
brink,5.074074074074074
token,4.684210526315789
hunky,4.608695652173913
cabal,5.25
graph,4.678571428571429
unity,4.357142857142857
froth,4.909090909090909
maxim,5.037037037037037
snort,5.7894736842105265
patty,4.333333333333333
meaty,4.708333333333333
husky,5.310344827586207
feral,5.36
bliss,4.0
query,4.4
primo,5.0
ethos,5.5
chain,5.8
round,4.931034482758621
doing,5.225806451612903
cadet,5.15
filly,5.264705882352941
risen,5.916666666666667
feign,5.636363636363637
incur,4.916666666666667
spear,5.041666666666667
stave,5.868421052631579
foray,5.666666666666667
wagon,4.666666666666667
liver,4.708333333333333
wheat,4.444444444444445
outer,5.071428571428571
spell,5.260869565217392
owing,5.064516129032258
musty,6.03030303030303
siren,5.1875
title,5.076923076923077
style,4.5
alert,5.590909090909091
cable,4.777777777777778
major,5.033333333333333
flock,4.409090909090909
brand,4.666666666666667
bully,5.2682926829268295
gooey,4.354838709677419
midst,5.107142857142857
afoul,4.75
alike,3.9565217391304346
stalk,5.5
minim,4.473684210526316
pinto,4.96
occur,4.578947368421052
vocal,5.222222222222222
local,4.636363636363637
missy,5.434782608695652
clerk,4.434782608695652
gusty,5.391304347826087
facet,5.521739130434782
jelly,5.193548387096774
tidal,5.212121212121212
leper,5.379310344827586
torch,5.769230769230769
gamma,5.03030303030303
inane,4.7272727272727275
medal,5.4324324324324325
vivid,4.190476190476191
judge,5.1891891891891895
coast,5.04
fella,2.6666666666666665
dusky,5.133333333333334
kappa,3.896551724137931
outdo,4.266666666666667
treat,5.52
pecan,4.857142857142857
sheik,5.375
pesto,4.5
cobra,4.607142857142857
amass,5.444444444444445
seedy,3.761904761904762
lager,5.405405405405405
given,4.909090909090909
fatal,4.730769230769231
eaten,5.055555555555555
rainy,3.6620689655172414
cutie,4.84
chime,4.228571428571429
floor,4.857142857142857
heard,5.833333333333333
vista,5.0344827586206895
while,4.761904761904762
terra,4.172413793103448
fjord,4.961538461538462
heavy,4.0476190476190474
plead,4.695652173913044
snowy,4.769230769230769
grail,6.096774193548387
trove,5.161290322580645
drove,5.916666666666667
shirt,6.121212121212121
gourd,3.9310344827586206
still,5.709677419354839
waxen,5.44
floss,4.722222222222222
dodgy,4.606060606060606
timer,5.782608695652174
twine,4.967741935483871
thick,5.142857142857143
detox,5.1
singe,5.818181818181818
value,5.342105263157895
droit,5.214285714285714
chili,5.4
balmy,5.647058823529412
blitz,4.470588235294118
rebut,5.761904761904762
radii,4.4
dirty,4.6875
those,5.7
modem,4.666666666666667
space,6.190476190476191
atone,5.96875
needy,5.107142857142857
ridge,4.826086956521739
crock,5.103448275862069
piece,4.25
gouge,4.434782608695652
stare,5.208333333333333
mangy,5.766666666666667
taken,5.666666666666667
dingy,4.230769230769231
repel,4.8125
shire,5.580645161290323
teach,5.153846153846154
wreck,4.2105263157894735
scent,5.095238095238095
angst,4.733333333333333
stock,5.166666666666667
lurch,4.9
tenor,4.631578947368421
dwarf,4.0
amity,4.625
banjo,3.9375
optic,3.8333333333333335
login,5.238095238095238
daily,5.3478260869565215
bingo,4.352941176470588
stale,5.565217391304348
spree,5.741935483870968
patsy,5.56
ultra,5.166666666666667
fiery,5.481481481481482
shoal,5.269230769230769
alloy,4.583333333333333
goody,4.0625
cumin,5.0
loser,5.76
amiss,3.2142857142857144
robin,4.947368421052632
cider,5.111111111111111
onset,5.5
harem,4.636363636363637
binge,5.2272727272727275
angel,5.782608695652174
mamma,3.1176470588235294
randy,4.588235294117647
ratty,4.866666666666666
trash,4.9375
bread,4.9
rabbi,5.888888888888889
about,5.230769230769231
aider,4.875
cabin,3.6666666666666665
halve,3.8461538461538463
serif,3.9411764705882355
tenth,5.611111111111111
crump,4.421052631578948
forgo,4.944444444444445
aping,5.739130434782608
there,5.666666666666667
curve,5.461538461538462
exalt,5.153846153846154
titan,3.923076923076923
cheat,4.823529411764706
drawl,5.153846153846154
cocoa,4.290322580645161
which,4.90625
crimp,3.75
found,4.448979591836735
squib,5.157894736842105
radio,3.310344827586207
amuse,5.368421052631579
bagel,5.8076923076923075
wring,4.956521739130435
chant,5.384615384615385
fungi,5.25
putty,4.894736842105263
resin,5.8125
speak,5.285714285714286
patio,4.0
lever,5.0
sperm,5.380952380952381
assay,5.0625
agile,4.571428571428571
skirt,4.407407407407407
brine,3.4603174603174605
artsy,4.535714285714286
silky,3.8125
press,3.9523809523809526
seize,4.076923076923077
erode,2.2941176470588234
tango,5.142857142857143
chair,2.404255319148936
grout,6.0
false,5.533333333333333
lofty,2.642857142857143
tried,3.8181818181818183
undue,4.6
moons,3.0299999999999994
skate,5.166666666666667
druid,2.090909090909091
gamme,6.02
slaps,4.029999999999999
penis,4.0
sells,4.0
turns,3.0199999999999996
tells,2.0299999999999994
saber,4.02
prays,1.04
helps,1.04
burps,2.0299999999999994
cakes,2.0
